,pdf 0,pdf 1,pdf 2,pdf 3
and,18,18,7,39
in,12,10,6,48
learning,12,0,0,6
to,11,5,9,39
of,10,2,10,18
machine,9,0,0,3
a,8,3,9,24
data,8,1,0,6
app,7,0,0,0
for,6,5,2,18
software,6,3,2,0
flutter,6,0,0,0
skills,5,2,1,0
science,4,3,4,12
development,4,2,0,3
with,4,1,7,9
the,4,1,4,21
com,4,1,2,0
knowledge,4,1,0,3
algorithms,3,2,3,0
application,3,2,0,0
college,3,0,3,0
from,3,0,0,6
advanced,3,0,0,0
analytical,3,0,0,0
developer,3,0,0,0
enhance,3,0,0,0
iit,3,0,0,0
madras,3,0,0,0
mobile,3,0,0,0
nptel,3,0,0,0
o,3,0,0,0
pursuing,3,0,0,0
strong,3,0,0,0
c,2,7,6,0
on,2,5,1,3
experience,2,2,2,0
using,2,2,0,6
sep,2,2,0,0
project,2,1,3,18
university,2,1,2,0
html,2,1,1,0
b,2,1,0,6
based,2,1,0,3
internship,2,1,0,3
architecture,2,1,0,0
complex,2,1,0,0
months,2,1,0,0
solutions,2,1,0,0
system,2,1,0,0
user,2,1,0,0
communication,2,0,2,0
solving,2,0,2,0
2,2,0,1,6
school,2,0,1,6
javascript,2,0,1,0
problem,2,0,1,0
python,2,0,1,0
time,2,0,1,0
tech,2,0,0,6
group,2,0,0,3
model,2,0,0,3
2001,2,0,0,0
2023,2,0,0,0
23,2,0,0,0
bloc,2,0,0,0
business,2,0,0,0
chat,2,0,0,0
commerce,2,0,0,0
developed,2,0,0,0
duration,2,0,0,0
e,2,0,0,0
food,2,0,0,0
foundation,2,0,0,0
hansraj,2,0,0,0
harman,2,0,0,0
harmanjaggi,2,0,0,0
having,2,0,0,0
identification,2,0,0,0
jaggi,2,0,0,0
kulachi,2,0,0,0
parking,2,0,0,0
range,2,0,0,0
real,2,0,0,0
singh,2,0,0,0
wide,2,0,0,0
technical,1,2,1,0
designing,1,2,0,0
related,1,2,0,0
education,1,1,2,0
may,1,1,1,6
created,1,1,1,0
gained,1,1,1,0
linkedin,1,1,1,0
problems,1,1,1,0
6,1,1,0,0
applications,1,1,0,0
engineers,1,1,0,0
generated,1,1,0,0
gmail,1,1,0,0
interface,1,1,0,0
oriented,1,1,0,0
products,1,1,0,0
structures,1,1,0,0
successfully,1,1,0,0
updated,1,1,0,0
valuable,1,1,0,0
studio,1,0,2,0
image,1,0,1,9
as,1,0,1,6
projects,1,0,1,6
implemented,1,0,1,3
22,1,0,1,0
android,1,0,1,0
designed,1,0,1,0
drive,1,0,1,0
efficiency,1,0,1,0
manipulation,1,0,1,0
mysql,1,0,1,0
solve,1,0,1,0
structure,1,0,1,0
delhi,1,0,0,12
cse,1,0,0,9
an,1,0,0,6
analysis,1,0,0,6
manner,1,0,0,6
performance,1,0,0,6
unsupervised,1,0,0,6
91,1,0,0,3
details,1,0,0,3
detection,1,0,0,3
management,1,0,0,3
supervised,1,0,0,3
10th,1,0,0,0
110052,1,0,0,0
12th,1,0,0,0
2017,1,0,0,0
2019,1,0,0,0
21,1,0,0,0
22nd,1,0,0,0
5,1,0,0,0
9873424386,1,0,0,0
accessing,1,0,0,0
acquired,1,0,0,0
actionable,1,0,0,0
address,1,0,0,0
advancements,1,0,0,0
algorithm,1,0,0,0
among,1,0,0,0
api,1,0,0,0
apps,1,0,0,0
ashok,1,0,0,0
august,1,0,0,0
birth,1,0,0,0
building,1,0,0,0
capable,1,0,0,0
certification,1,0,0,0
certifications,1,0,0,0
challenging,1,0,0,0
classification,1,0,0,0
committed,1,0,0,0
completed,1,0,0,0
comprehensive,1,0,0,0
contact,1,0,0,0
contributed,1,0,0,0
css,1,0,0,0
dart,1,0,0,0
database,1,0,0,0
date,1,0,0,0
detail,1,0,0,0
develop,1,0,0,0
discovery,1,0,0,0
documents,1,0,0,0
du,1,0,0,0
effectively,1,0,0,0
efficient,1,0,0,0
enabling,1,0,0,0
ensuring,1,0,0,0
equipped,1,0,0,0
exceptional,1,0,0,0
exciting,1,0,0,0
expanding,1,0,0,0
feb,1,0,0,0
field,1,0,0,0
filtering,1,0,0,0
firebase,1,0,0,0
framework,1,0,0,0
friendly,1,0,0,0
gathering,1,0,0,0
generate,1,0,0,0
github,1,0,0,0
gobind,1,0,0,0
guru,1,0,0,0
hands,1,0,0,0
harmanjaggs,1,0,0,0
hatchhack,1,0,0,0
https,1,0,0,0
indraprastha,1,0,0,0
innovative,1,0,0,0
insights,1,0,0,0
instructions,1,0,0,0
integrated,1,0,0,0
integrity,1,0,0,0
interactive,1,0,0,0
intern,1,0,0,0
introduction,1,0,0,0
intuitive,1,0,0,0
issues,1,0,0,0
latest,1,0,0,0
lazyengineer,1,0,0,0
leetcode,1,0,0,0
leverage,1,0,0,0
leveraged,1,0,0,0
ltd,1,0,0,0
me,1,0,0,0
modeling,1,0,0,0
month,1,0,0,0
motivated,1,0,0,0
occupied,1,0,0,0
offer,1,0,0,0
online,1,0,0,0
operational,1,0,0,0
optimization,1,0,0,0
options,1,0,0,0
personal,1,0,0,0
position,1,0,0,0
practical,1,0,0,0
preparation,1,0,0,0
processing,1,0,0,0
professional,1,0,0,0
proficient,1,0,0,0
profile,1,0,0,0
purview,1,0,0,0
pvt,1,0,0,0
recipe,1,0,0,0
recipes,1,0,0,0
recommenders,1,0,0,0
regression,1,0,0,0
reinforcement,1,0,0,0
requirement,1,0,0,0
resolution,1,0,0,0
sales,1,0,0,0
showcase,1,0,0,0
shraddhanand,1,0,0,0
skilled,1,0,0,0
slot,1,0,0,0
soft,1,0,0,0
spaces,1,0,0,0
stanford,1,0,0,0
stay,1,0,0,0
students,1,0,0,0
stuff,1,0,0,0
summary,1,0,0,0
swami,1,0,0,0
systematic,1,0,0,0
targeting,1,0,0,0
teamwork,1,0,0,0
through,1,0,0,0
trainings,1,0,0,0
understanding,1,0,0,0
users,1,0,0,0
utilized,1,0,0,0
utilizing,1,0,0,0
vacant,1,0,0,0
vihar,1,0,0,0
website,1,0,0,0
zylu,1,0,0,0
20xx,0,10,5,0
computer,0,8,5,18
ca,0,5,0,0
game,0,4,1,0
jose,0,4,0,0
network,0,4,0,0
san,0,4,0,0
team,0,3,3,0
present,0,3,2,6
programming,0,3,2,0
s,0,3,1,3
java,0,3,1,0
inventory,0,3,0,0
sjsu,0,3,0,0
by,0,2,3,3
3,0,2,1,0
graphics,0,2,1,0
activities,0,2,0,3
aug,0,2,0,0
company,0,2,0,0
developing,0,2,0,0
discord,0,2,0,0
hardware,0,2,0,0
imaspartan,0,2,0,0
remote,0,2,0,0
reports,0,2,0,0
weekly,0,2,0,0
wrote,0,2,0,0
zoom,0,2,0,0
class,0,1,3,0
google,0,1,3,0
program,0,1,3,0
test,0,1,1,3
gpa,0,1,1,0
resume,0,1,1,0
systems,0,1,1,0
unix,0,1,1,0
visual,0,1,1,0
work,0,1,1,0
new,0,1,0,9
object,0,1,0,6
objective,0,1,0,6
web,0,1,0,6
career,0,1,0,3
lead,0,1,0,3
multi,0,1,0,3
support,0,1,0,3
tasks,0,1,0,3
17,0,1,0,0
20,0,1,0,0
33,0,1,0,0
35,0,1,0,0
408,0,1,0,0
555,0,1,0,0
5555,0,1,0,0
95192,0,1,0,0
abc,0,1,0,0
access,0,1,0,0
adapt,0,1,0,0
administrator,0,1,0,0
age,0,1,0,0
all,0,1,0,0
augment,0,1,0,0
basic,0,1,0,0
brainstormed,0,1,0,0
clerk,0,1,0,0
club,0,1,0,0
collaborated,0,1,0,0
components,0,1,0,0
corporation,0,1,0,0
coursework,0,1,0,0
debug,0,1,0,0
dec,0,1,0,0
delegated,0,1,0,0
demonstration,0,1,0,0
detected,0,1,0,0
drivers,0,1,0,0
ensure,0,1,0,0
errors,0,1,0,0
evaluated,0,1,0,0
everyone,0,1,0,0
extensive,0,1,0,0
fall,0,1,0,0
figures,0,1,0,0
fremont,0,1,0,0
fully,0,1,0,0
functioning,0,1,0,0
globus,0,1,0,0
hangman,0,1,0,0
ideas,0,1,0,0
im,0,1,0,0
inc,0,1,0,0
increased,0,1,0,0
independently,0,1,0,0
install,0,1,0,0
jan,0,1,0,0
jun,0,1,0,0
kids,0,1,0,0
managed,0,1,0,0
materials,0,1,0,0
matrices,0,1,0,0
meetings,0,1,0,0
meets,0,1,0,0
members,0,1,0,0
milpitas,0,1,0,0
monthly,0,1,0,0
networks,0,1,0,0
perl,0,1,0,0
player,0,1,0,0
pre,0,1,0,0
presented,0,1,0,0
president,0,1,0,0
printer,0,1,0,0
produced,0,1,0,0
provided,0,1,0,0
qa,0,1,0,0
rating,0,1,0,0
receiving,0,1,0,0
reduced,0,1,0,0
reliable,0,1,0,0
repair,0,1,0,0
responsibilities,0,1,0,0
role,0,1,0,0
sample,0,1,0,0
satisfaction,0,1,0,0
script,0,1,0,0
seeking,0,1,0,0
shipping,0,1,0,0
slack,0,1,0,0
spartan,0,1,0,0
spring,0,1,0,0
sql,0,1,0,0
state,0,1,0,0
stayed,0,1,0,0
stock,0,1,0,0
stockroom,0,1,0,0
task,0,1,0,0
tested,0,1,0,0
tester,0,1,0,0
tutor,0,1,0,0
via,0,1,0,0
volunteer,0,1,0,0
volunteered,0,1,0,0
within,0,1,0,0
zareh,0,1,0,0
name,0,0,3,0
relevant,0,0,3,0
server,0,0,3,0
slc,0,0,3,0
student,0,0,2,6
images,0,0,2,3
working,0,0,2,3
about,0,0,2,0
adobe,0,0,2,0
committee,0,0,2,0
computing,0,0,2,0
create,0,0,2,0
ensign,0,0,2,0
environments,0,0,2,0
ffmpeg,0,0,2,0
how,0,0,2,0
linked,0,0,2,0
office,0,0,2,0
open,0,0,2,0
search,0,0,2,0
spreadsheet,0,0,2,0
that,0,0,2,0
utah,0,0,2,0
worked,0,0,2,0
i,0,0,1,9
are,0,0,1,6
research,0,0,1,6
videos,0,0,1,6
4,0,0,1,3
into,0,0,1,3
mathematics,0,0,1,3
or,0,0,1,3
practice,0,0,1,3
undergraduate,0,0,1,3
www,0,0,1,3
1255,0,0,1,0
300,0,0,1,0
55,0,0,1,0
581,0,0,1,0
6186,0,0,1,0
801,0,0,1,0
84112,0,0,1,0
ability,0,0,1,0
adjust,0,0,1,0
advisor,0,0,1,0
advisory,0,0,1,0
applied,0,0,1,0
areas,0,0,1,0
artificial,0,0,1,0
association,0,0,1,0
asynchronous,0,0,1,0
be,0,0,1,0
calendar,0,0,1,0
called,0,0,1,0
candidates,0,0,1,0
chair,0,0,1,0
circle,0,0,1,0
city,0,0,1,0
client,0,0,1,0
codebase,0,0,1,0
coding,0,0,1,0
competitions,0,0,1,0
courses,0,0,1,0
custom,0,0,1,0
cyber,0,0,1,0
decoder,0,0,1,0
design,0,0,1,0
differential,0,0,1,0
discrete,0,0,1,0
documentation,0,0,1,0
draw,0,0,1,0
dropbox,0,0,1,0
eclipse,0,0,1,0
electronically,0,0,1,0
emacs,0,0,1,0
email,0,0,1,0
encoder,0,0,1,0
equations,0,0,1,0
ethics,0,0,1,0
evaluates,0,0,1,0
example,0,0,1,0
expertise,0,0,1,0
explored,0,0,1,0
faculty,0,0,1,0
freshmen,0,0,1,0
graduation,0,0,1,0
hanoi,0,0,1,0
help,0,0,1,0
host,0,0,1,0
house,0,0,1,0
housing,0,0,1,0
ii,0,0,1,0
indesign,0,0,1,0
industry,0,0,1,0
intelligence,0,0,1,0
interview,0,0,1,0
ios,0,0,1,0
iworks,0,0,1,0
lake,0,0,1,0
languages,0,0,1,0
large,0,0,1,0
las,0,0,1,0
leader,0,0,1,0
learned,0,0,1,0
libraries,0,0,1,0
like,0,0,1,0
linux,0,0,1,0
machinery,0,0,1,0
makes,0,0,1,0
measured,0,0,1,0
meet,0,0,1,0
memory,0,0,1,0
methods,0,0,1,0
microsoft,0,0,1,0
mozilla,0,0,1,0
multiple,0,0,1,0
networked,0,0,1,0
nodes,0,0,1,0
number,0,0,1,0
nv,0,0,1,0
osx,0,0,1,0
over,0,0,1,0
participate,0,0,1,0
people,0,0,1,0
photoshop,0,0,1,0
pixel,0,0,1,0
poor,0,0,1,0
probability,0,0,1,0
programmers,0,0,1,0
protocol,0,0,1,0
quickly,0,0,1,0
resident,0,0,1,0
residential,0,0,1,0
salt,0,0,1,0
saved,0,0,1,0
sociate,0,0,1,0
source,0,0,1,0
stats,0,0,1,0
stored,0,0,1,0
sublime,0,0,1,0
swift,0,0,1,0
talk,0,0,1,0
teach,0,0,1,0
terminal,0,0,1,0
textwrangler,0,0,1,0
thunderbird,0,0,1,0
towers,0,0,1,0
traversed,0,0,1,0
tree,0,0,1,0
unity,0,0,1,0
usage,0,0,1,0
ut,0,0,1,0
vegas,0,0,1,0
windows,0,0,1,0
xamarin,0,0,1,0
xcode,0,0,1,0
2010,0,0,0,18
classi,0,0,0,15
institute,0,0,0,15
prof,0,0,0,15
2009,0,0,0,9
banerjee,0,0,0,9
captcha,0,0,0,9
course,0,0,0,9
engineering,0,0,0,9
iitd,0,0,0,9
linear,0,0,0,9
non,0,0,0,9
subhashis,0,0,0,9
unusual,0,0,0,9
we,0,0,0,9
accuracies,0,0,0,6
activity,0,0,0,6
also,0,0,0,6
bal,0,0,0,6
bharati,0,0,0,6
cation,0,0,0,6
cbse,0,0,0,6
cgpa,0,0,0,6
cs1070185,0,0,0,6
di,0,0,0,6
digital,0,0,0,6
dr,0,0,0,6
edge,0,0,0,6
ernet,0,0,0,6
ers,0,0,0,6
give,0,0,0,6
india,0,0,0,6
indian,0,0,0,6
involved,0,0,0,6
it,0,0,0,6
kalra,0,0,0,6
learn,0,0,0,6
mkl,0,0,0,6
msr,0,0,0,6
october,0,0,0,6
photo,0,0,0,6
prem,0,0,0,6
public,0,0,0,6
reader,0,0,0,6
realistic,0,0,0,6
recognition,0,0,0,6
rohini,0,0,0,6
segmentation,0,0,0,6
structural,0,0,0,6
technology,0,0,0,6
this,0,0,0,6
training,0,0,0,6
use,0,0,0,6
video,0,0,0,6
vision,0,0,0,6
year,0,0,0,6
0,0,0,0,3
1,0,0,0,3
10,0,0,0,3
100,0,0,0,3
2005class,0,0,0,3
2007,0,0,0,3
2007class,0,0,0,3
9,0,0,0,3
90,0,0,0,3
93,0,0,0,3
938,0,0,0,3
99,0,0,0,3
9911592327,0,0,0,3
academic,0,0,0,3
account,0,0,0,3
agged,0,0,0,3
aissce,0,0,0,3
aisse,0,0,0,3
allow,0,0,0,3
am,0,0,0,3
any,0,0,0,3
appropriate,0,0,0,3
april,0,0,0,3
at,0,0,0,3
award,0,0,0,3
better,0,0,0,3
btech,0,0,0,3
cant,0,0,0,3
choice,0,0,0,3
clips,0,0,0,3
clustering,0,0,0,3
color,0,0,0,3
combinations,0,0,0,3
complexity,0,0,0,3
conceptualized,0,0,0,3
degree,0,0,0,3
detect,0,0,0,3
discussion,0,0,0,3
dithering,0,0,0,3
eccv,0,0,0,3
enhancement,0,0,0,3
er,0,0,0,3
erent,0,0,0,3
erential,0,0,0,3
even,0,0,0,3
extended,0,0,0,3
feature,0,0,0,3
features,0,0,0,3
forums,0,0,0,3
frameworks,0,0,0,3
graduate,0,0,0,3
gupta,0,0,0,3
hence,0,0,0,3
higher,0,0,0,3
http,0,0,0,3
icml,0,0,0,3
idea,0,0,0,3
improving,0,0,0,3
incorporating,0,0,0,3
increase,0,0,0,3
independent,0,0,0,3
infor,0,0,0,3
information,0,0,0,3
interest,0,0,0,3
interested,0,0,0,3
investigated,0,0,0,3
jain,0,0,0,3
january,0,0,0,3
kernel,0,0,0,3
kernels,0,0,0,3
knn,0,0,0,3
labelled,0,0,0,3
labels,0,0,0,3
leading,0,0,0,3
learnt,0,0,0,3
letter,0,0,0,3
linking,0,0,0,3
look,0,0,0,3
looking,0,0,0,3
machines,0,0,0,3
made,0,0,0,3
mail,0,0,0,3
major,0,0,0,3
manik,0,0,0,3
mation,0,0,0,3
much,0,0,0,3
nips,0,0,0,3
novel,0,0,0,3
november,0,0,0,3
obtain,0,0,0,3
one,0,0,0,3
ones,0,0,0,3
other,0,0,0,3
ously,0,0,0,3
painterly,0,0,0,3
percentage,0,0,0,3
person,0,0,0,3
plsa,0,0,0,3
possibility,0,0,0,3
prateek,0,0,0,3
predict,0,0,0,3
previ,0,0,0,3
pursue,0,0,0,3
quantization,0,0,0,3
rank,0,0,0,3
read,0,0,0,3
regularizers,0,0,0,3
rendering,0,0,0,3
seeing,0,0,0,3
semi,0,0,0,3
senior,0,0,0,3
september,0,0,0,3
services,0,0,0,3
signi,0,0,0,3
similar,0,0,0,3
simple,0,0,0,3
smoothing,0,0,0,3
studies,0,0,0,3
submitting,0,0,0,3
such,0,0,0,3
summer,0,0,0,3
sura,0,0,0,3
surveillance,0,0,0,3
svm,0,0,0,3
svms,0,0,0,3
take,0,0,0,3
technique,0,0,0,3
techniques,0,0,0,3
thickening,0,0,0,3
towards,0,0,0,3
unseen,0,0,0,3
us,0,0,0,3
used,0,0,0,3
various,0,0,0,3
varma,0,0,0,3
vector,0,0,0,3
vectors,0,0,0,3
was,0,0,0,3
which,0,0,0,3
x,0,0,0,3
xii,0,0,0,3
campussaurabh,0,0,0,2
campus,0,0,0,1
saurabh,0,0,0,1
,0,0,0,0
